Abu Simbel,Wonder Pack
Abudos,50 Wonder Set
Agbatana,50 Wonder Set
Akko,50 Wonder Set
Alabanda,50 Wonder Set
Alexandria,Original
Amathous,Sailors
Arbela,50 Wonder Set
Argolida,50 Wonder Set
Arkadia,50 Wonder Set
Atlantis,50 Wonder Set
Babel,50 Wonder Set
Babylon,Original
Bassai,50 Wonder Set
Beiping,50 Wonder Set
Brigadoon,50 Wonder Set
Byblos,50 Wonder Set
Byzantium,Cities
Catan,50 Wonder Set
Chichen Itza,50 Wonder Set
Cloud City,50 Wonder Set
Corropolis,50 Wonder Set
Delos,50 Wonder Set
Delphoi,50 Wonder Set
Elioupolis,50 Wonder Set
Ephesos,Original
Epidaurou,50 Wonder Set
Euboia,50 Wonder Set
Gaza,50 Wonder Set
Gizah,Original
Gordion,50 Wonder Set
The Great Wall,Wonder Pack
Halikarnassos,Original
Ios,50 Wonder Set
Issos,50 Wonder Set
Jedi Temple,50 Wonder Set
Kadesh,50 Wonder Set
Kalakh,50 Wonder Set
Kappadokia,50 Wonder Set
Karthago,50 Wonder Set
Khattousa,50 Wonder Set
Knosos,50 Wonder Set
Koptos,50 Wonder Set
Korinthos,50 Wonder Set
Kurene,50 Wonder Set
Machu Picchu,50 Wonder Set
Manneken Pis,Wonder Pack
Mykenai,50 Wonder Set
Oasis Siba,50 Wonder Set
Olympia,Original
Ostia,50 Wonder Set
Our,50 Wonder Set
Ourouk,Ruins
Pasargadon,50 Wonder Set
Peiraieus,50 Wonder Set
Petra,Cities
Phasis,50 Wonder Set
Philippopolis,50 Wonder Set
Pompei,50 Wonder Set
Rhodos,Original
Roma,Leaders
Râ€™lyeh,50 Wonder Set
Salamina,50 Wonder Set
Samarkande,50 Wonder Set
Samothraki,50 Wonder Set
Sardis,50 Wonder Set
Sidon,Sailors
Sinope,Ruins
Stonehenge,Wonder Pack
Sousa,Sailors
Tarsos,50 Wonder Set
Thapsakos,50 Wonder Set
Thebai,50 Wonder Set
Thira,50 Wonder Set
Tiryntha,50 Wonder Set
Troia,50 Wonder Set
Turos,Ruins
Urusalim,50 Wonder Set
Yeriho,50 Wonder Set
Zeugma,50 Wonder Set